event_id,event_title,documents,unique_sources,sources,effective_at,average_stress,maximum_stress,dominant_topic,dominant_indicator,dominant_entity,representative_source,representative_url,representative_tone
evt-09150bbf8181,CAF aprueba crédito de 224 millones de dólares para reactivar obras viales en Bolivia,3,3,"[""El Deber"", ""La Razón"", ""Los Tiempos""]",2026-10-02T15:50:19+00:00,50.0,50.0,"Producción, inversión y régimen cambiario",combustibles,CAF,El Deber,https://eldeber.com.bo/economia/caf-aprueba-credito-224-millones-dolares-reactivar-obras-viales-bolivia_1790952723,neutral
evt-8237f6baaf7a,Aduana aplica arancel cero a la importación de gasolina de aviación hasta 2027,3,3,"[""ABI"", ""El Deber"", ""Los Tiempos""]",2026-10-01T16:29:43+00:00,50.0,50.0,"Comercio exterior, desarrollo y empresas",combustibles,Aduana Nacional,El Deber,https://eldeber.com.bo/economia/aduana-aplica-arancel-cero-importacion-gasolina-aviacion-2027_1790798491,neutral
evt-5d395c0e28c6,"Bolivia registró un saldo comercial superior a $us 2.000 millones entre enero y agosto de este año, según el INE",2,2,"[""La Razón"", ""Unitel""]",2026-10-02T15:50:35+00:00,37.0,42.0,"Política fiscal, gestión pública y sistema financiero",combustibles,INE,Unitel,https://unitel.bo/noticias/economia/bolivia-registro-un-saldo-comercial-superior-a-us-2000-millones-entre-enero-y-agosto-de-este-ano-segun-el-ine-KM23857397,favorable
evt-5315b151dc69,"El gas sigue en Bs 22,50, pero repartirlo a los barrios ya genera pérdidas, según distribuidores",2,1,"[""El Deber""]",2026-10-02T15:50:19+00:00,68.0,68.0,"Precios, alimentos y servicios básicos",combustibles,YPFB,El Deber,https://eldeber.com.bo/economia/gas-sigue-bs-22-50-repartirlo-barrios-genera-perdidas-distribuidores_1790885968,desfavorable
evt-ec09acb0801a,Crecen las filas por gasolina y conductores expresan su molestia por la falta de solución al desabastecimiento,2,1,"[""Unitel""]",2026-10-02T15:50:35+00:00,59.5,66.0,"Precios, alimentos y servicios básicos",combustibles,YPFB,Unitel,https://unitel.bo/noticias/economia/crecen-las-filas-por-gasolina-y-conductores-expresan-su-molestia-por-la-falta-de-solucion-al-desabastecimiento-CK23831298,desfavorable
evt-3c7fcc87e728,El dólar flexible inicia octubre con una cotización de Bs 12,2,1,"[""El Deber""]",2026-10-02T15:50:19+00:00,50.0,50.0,"Sector productivo, automotor y actividad empresarial",tipo de cambio,BCB,El Deber,https://eldeber.com.bo/economia/dolar-flexible-inicia-octubre-cotizacion-bs-12_1790865597,desfavorable
evt-438f73fc6f33,“El inversionista extranjero necesita una puerta de entrada al país”,2,1,"[""El Deber""]",2026-09-30T15:58:19+00:00,43.5,50.0,"Producción, inversión y régimen cambiario",tipo de cambio,,El Deber,https://eldeber.com.bo/economia/inversionista-extranjero-necesita-puerta-entrada-pais_1790764616,favorable
evt-4fb8990f628b,Cisternas esperan descargar en Palmasola mientras falta gasolina en Santa Cruz,1,1,"[""El Deber""]",2026-10-01T16:29:43+00:00,79.0,79.0,"Precios, alimentos y servicios básicos",tipo de cambio,YPFB,El Deber,https://eldeber.com.bo/economia/cisternas-esperan-descargar-palmasola-mientras-falta-gasolina-santa-cruz_1790786908,neutral
evt-453521e7013e,JP Velasco: “El diésel ya está” en Santa Cruz y ahora la Gobernación busca resolver la falta de gasolina,1,1,"[""El Deber""]",2026-09-30T15:58:18+00:00,78.0,78.0,"Precios, alimentos y servicios básicos",combustibles,YPFB,El Deber,https://eldeber.com.bo/economia/jp-velasco-diesel-esta-santa-cruz-ahora-gobernacion-busca-resolver-falta-gasolina_1790782215,neutral
evt-73739d3949f2,Gobierno confirma que los 53 días de bloqueos fueron financiados por el narcoterrorismo tras hallar fajos de dinero,1,1,"[""ABI""]",2026-10-01T14:04:40+00:00,75.0,75.0,"Precios, alimentos y servicios básicos",,ASFI,ABI,https://abi.bo/gobierno-confirma-que-los-53-dias-de-bloqueos-fueron-financiados-por-el-narcoterrorismo-tras-hallar-fajos-de-dinero,neutral
evt-ddfb6ce4a080,"“Nos damos el lujo de no usar la capacidad ociosa de las refinerías”, cuestiona experto sobre política de combustibles",1,1,"[""Unitel""]",2026-09-30T15:59:12+00:00,72.0,72.0,"Precios, alimentos y servicios básicos",inflación,,Unitel,https://unitel.bo/noticias/economia/nos-damos-el-lujo-de-no-usar-la-capacidad-ociosa-de-las-refinerias-cuestiona-experto-sobre-politica-de-combustibles-DI23810614,favorable
evt-1c0ced5e9640,Vuelven las filas por gasolina en el eje troncal de Bolivia y provocan embotellamientos en varias zonas,1,1,"[""Unitel""]",2026-09-30T15:59:12+00:00,71.0,71.0,"Precios, alimentos y servicios básicos",combustibles,,Unitel,https://unitel.bo/noticias/economia/vuelven-las-filas-por-gasolina-en-el-eje-troncal-de-bolivia-y-provocan-embotellamientos-en-varias-zonas-DJ23803176,neutral
evt-50dc79ac6285,Ministro explica escasez de combustible,1,1,"[""Los Tiempos""]",2026-09-30T22:26:04+00:00,67.0,67.0,"Precios, alimentos y servicios básicos",combustibles,YPFB,Los Tiempos,https://www.lostiempos.com/actualidad/economia/20260930/ministro-explica-escasez-combustible,desfavorable
evt-dcf387c96d92,Cancillería responde a denuncias de quema de madera boliviana en Chile,1,1,"[""El Deber""]",2026-10-02T15:50:19+00:00,66.0,66.0,"Comercio exterior, desarrollo y empresas",exportaciones,IBCE,El Deber,https://eldeber.com.bo/economia/cancilleria-responde-denuncias-quema-madera-boliviana-chile_1790881394,desfavorable
evt-dc98df72179f,Transporte pesado reporta que solo el 30% de su sector opera debido al diésel y el dólar,1,1,"[""Unitel""]",2026-10-01T16:30:15+00:00,66.0,66.0,"Precios, alimentos y servicios básicos",tipo de cambio,YPFB,Unitel,https://unitel.bo/noticias/economia/transporte-pesado-reporta-que-solo-el-30-de-su-sector-opera-debido-al-diesel-y-el-dolar-EK23830433,desfavorable
evt-1a21121097a5,"El Gobierno alista un “fondo de compensación” y bonos para que las alcaldías enfrenten la crisis, anuncia Manfred",1,1,"[""Unitel""]",2026-09-30T15:59:12+00:00,66.0,66.0,"Producción, inversión y régimen cambiario",exportaciones,,Unitel,https://unitel.bo/noticias/economia/el-gobierno-alista-un-fondo-de-compensacion-y-bonos-para-que-las-alcaldias-enfrenten-la-crisis-anuncia-manfred-LI23810597,neutral
evt-1c7272b07380,Suspenden distribución de GLP en barrios cruceños este jueves; el sector reclama subida de costos por nuevo precio del diésel,1,1,"[""Unitel""]",2026-10-02T15:50:35+00:00,64.0,64.0,"Precios, alimentos y servicios básicos",tipo de cambio,,Unitel,https://unitel.bo/noticias/economia/suspenden-distribucion-de-glp-en-barrios-crucenos-este-jueves-el-sector-reclama-subida-de-costos-por-nuevo-precio-del-diesel-GN23841878,desfavorable
evt-d31a9dc654d8,Reaparecen las filas por gasolina en varias regiones del país,1,1,"[""La Razón""]",2026-09-30T11:37:30+00:00,64.0,64.0,"Precios, alimentos y servicios básicos",combustibles,,La Razón,https://larazon.bo/economia-y-empresa/2026/09/30/reaparecen-las-filas-por-gasolina-en-varias-regiones-del-pais,neutral
evt-21d607dc25ba,Distribuidores de gas en garrafa cumplen un paro este jueves en Cochabamba,1,1,"[""Unitel""]",2026-10-02T15:50:35+00:00,63.0,63.0,"Precios, alimentos y servicios básicos",combustibles,,Unitel,https://unitel.bo/noticias/economia/distribuidores-de-gas-en-garrafa-cumplen-un-paro-este-jueves-en-cochabamba-GN23840237,desfavorable
evt-a5857b1ec51a,Incineración de madera retenida en Chile deja pérdidas de hasta $us 15 millones a empresas bolivianas,1,1,"[""El Deber""]",2026-10-01T16:29:43+00:00,63.0,63.0,"Comercio exterior, desarrollo y empresas",exportaciones,,El Deber,https://eldeber.com.bo/economia/incineracion-madera-retenida-chile-deja-perdidas-us-15-millones-empresas-bolivianas_1790804809,desfavorable
evt-27f14786d865,Transporte cooperativizado de Cochabamba se retira de la reunión con el Gobierno y anuncian medidas,1,1,"[""Unitel""]",2026-09-30T15:59:13+00:00,63.0,63.0,"Precios, alimentos y servicios básicos",combustibles,,Unitel,https://unitel.bo/noticias/economia/transporte-cooperativizado-de-cochabamba-se-retira-de-la-reunion-con-el-gobierno-y-anuncian-medidas-FP23797165,neutral
evt-2e90e929ded6,"¿Qué pasará con la subvención a la gasolina y al GLP en Bolivia?, esto dice el viceministro Navarro",1,1,"[""Unitel""]",2026-10-02T15:50:35+00:00,62.0,62.0,"Precios, alimentos y servicios básicos",tipo de cambio,MEFP,Unitel,https://unitel.bo/noticias/economia/que-pasara-con-la-subvencion-a-la-gasolina-y-al-glp-en-bolivia-esto-dice-el-viceministro-navarro-HN23844298,neutral
evt-fa468e1130a2,YPFB detecta anomalías en la distribución de casi un millón de litros de gasolina y aleja a su gerente en Potosí,1,1,"[""El Deber""]",2026-10-01T16:29:43+00:00,62.0,62.0,"Tipo de cambio, divisas y abastecimiento de combustibles",combustibles,YPFB,El Deber,https://eldeber.com.bo/economia/ypfb-detecta-anomalias-distribucion-casi-millon-litros-gasolina-aleja-gerente-potosi_1790789187,desfavorable
evt-b7c1a919ea39,“Me dijeron que no hay diésel”: Madre denuncia que no recibe subsidio por falta de productos en una agencia de La Paz,1,1,"[""Unitel""]",2026-09-30T15:59:12+00:00,62.0,62.0,"Precios, alimentos y servicios básicos",combustibles,,Unitel,https://unitel.bo/noticias/economia/me-dijeron-que-no-hay-diesel-madre-denuncia-que-no-recibe-subsidio-por-falta-de-productos-en-una-agencia-de-la-paz-EJ23800136,desfavorable
evt-ead522fb7927,IBCE: “Lo que están haciendo en Chile con las maderas bolivianas es una iniquidad”,1,1,"[""El Deber""]",2026-10-02T15:50:19+00:00,60.0,60.0,"Comercio exterior, desarrollo y empresas",exportaciones,IBCE,El Deber,https://eldeber.com.bo/economia/ibce-estan-haciendo-chile-maderas-bolivianas-iniquidad_1790871461,neutral
evt-3c8bc5c5d144,ASFI: DS 5630 NO NECESITA REGLAMENTACIÓN Y DEBE SER CUMPLIDO DE INMEDIATO POR LAS ENTIDADES DE INTERMEDIACIÓN FINANCIERA | ASFI,1,1,"[""ASFI""]",2026-10-02T15:49:45+00:00,60.0,60.0,"Comercio exterior, desarrollo y empresas",sistema financiero,ASFI,ASFI,https://www.asfi.gob.bo/node/1394,neutral
evt-b1085ce6a241,"Filas por gasolina en Cochabamba, surtidores sin el carburante en Santa Cruz mientras que la carga es regular en La Paz",1,1,"[""Unitel""]",2026-09-30T15:59:12+00:00,59.0,59.0,"Precios, alimentos y servicios básicos",combustibles,,Unitel,https://unitel.bo/noticias/economia/filas-por-gasolina-en-cochabamba-surtidores-sin-el-carburante-en-santa-cruz-mientras-que-la-carga-es-regular-en-la-paz-DI23810298,neutral
evt-1bfc3137d2a0,¡ALERTA! ASFI DENUNCIA SUPLANTACIÓN DE IDENTIDAD PARA ESTAFAR A LA POBLACIÓN | ASFI,1,1,"[""ASFI""]",2026-09-30T15:56:56+00:00,59.0,59.0,"Comercio exterior, desarrollo y empresas",sistema financiero,ASFI,ASFI,https://www.asfi.gob.bo/node/1368,neutral
evt-8bedd1aaecd9,Gobierno libera importación de gasolina de aviación y deja su precio al mercado,1,1,"[""La Razón""]",2026-09-30T13:36:23+00:00,59.0,59.0,"Tipo de cambio, divisas y abastecimiento de combustibles",combustibles,,La Razón,https://larazon.bo/economia-y-empresa/2026/09/30/gobierno-libera-importacion-de-gasolina-de-aviacion-y-deja-su-precio-al-mercado,neutral
evt-46550e1bab33,Exigen estudio técnico antes de aumentar el pasaje y cuestionan las condiciones de los micros,1,1,"[""El Deber""]",2026-10-01T16:29:43+00:00,58.0,58.0,"Precios, alimentos y servicios básicos",combustibles,,El Deber,https://eldeber.com.bo/economia/exigen-estudio-tecnico-antes-aumentar-pasaje-cuestionan-condiciones-micros_1790785174,neutral
evt-ae1fff922d07,La Paz activa mecanismos para “dar de baja” vehículos con problemas de transferencia y deudas de impuestos,1,1,"[""Unitel""]",2026-09-30T15:59:12+00:00,58.0,58.0,"Comercio exterior, desarrollo y empresas",combustibles,,Unitel,https://unitel.bo/noticias/economia/la-paz-activa-mecanismos-para-dar-de-baja-vehiculos-con-problemas-de-transferencia-y-deudas-de-impuestos-CI23810460,neutral
evt-6cd75db8822b,"La gasolina vuelve a escasear en Santa Cruz, Cochabamba y La Paz",1,1,"[""El Deber""]",2026-09-30T15:58:18+00:00,58.0,58.0,"Precios, alimentos y servicios básicos",combustibles,,El Deber,https://eldeber.com.bo/economia/gasolina-vuelve-escasear-santa-cruz-cochabamba-paz_1790764121,desfavorable
evt-31f45b1838aa,"Gasolina vuelve a los surtidores, pero persisten riesgos logísticos",1,1,"[""El Deber""]",2026-10-02T15:50:20+00:00,57.0,57.0,"Precios, alimentos y servicios básicos",combustibles,YPFB,El Deber,https://eldeber.com.bo/economia/gasolina-vuelve-surtidores-persisten-riesgos-logisticos_1790849498,desfavorable
evt-e42ee8ae269d,La Gobernación cruceña ya publica diferentes ofertas de diésel con precios desde Bs 22 el litro,1,1,"[""Unitel""]",2026-09-30T15:59:12+00:00,57.0,57.0,"Precios, alimentos y servicios básicos",combustibles,YPFB,Unitel,https://unitel.bo/noticias/economia/la-gobernacion-crucena-ya-publica-diferentes-ofertas-de-diesel-con-precios-desde-bs-22-el-litro-MP23797830,neutral
evt-923ecd5b7acc,Gobierno y transportistas van a mesas sectoriales tras un diálogo sin acuerdos,1,1,"[""El Deber""]",2026-09-30T15:58:18+00:00,57.0,57.0,"Precios, alimentos y servicios básicos",combustibles,YPFB,El Deber,https://eldeber.com.bo/economia/gobierno-transportistas-van-mesas-sectoriales-dialogo-acuerdos_1790763720,neutral
evt-44f0d9948449,Cámara de Comercio de La Paz plantea cuatro medidas al Gobierno ante amenazas de movilizaciones,1,1,"[""Unitel""]",2026-10-01T16:30:16+00:00,56.0,56.0,"Precios, alimentos y servicios básicos",combustibles,,Unitel,https://unitel.bo/noticias/economia/camara-de-comercio-de-la-paz-plantea-cuatro-medidas-al-gobierno-ante-amenazas-de-movilizaciones-LL23826195,desfavorable
evt-0c5f8335ea3b,IA gana espacio como herramienta de trabajo: 70% ya ahorra tiempo en Bolivia,1,1,"[""Economy""]",2026-09-29T22:27:15+00:00,56.0,56.0,"Comercio exterior, desarrollo y empresas",empleo,,Economy,https://www.economy.com.bo/articulo/economia/ia-gana-espacio-como-herramienta-trabajo-70-ahorra-tiempo-bolivia/20260929182715024222.html,favorable
evt-f908b05f9240,YPFB y distribuidores de GLP acuerdan mantener el reparto de garrafas,1,1,"[""El Deber""]",2026-10-02T15:50:20+00:00,55.0,55.0,"Precios, alimentos y servicios básicos",combustibles,YPFB,El Deber,https://eldeber.com.bo/economia/ypfb-distribuidores-glp-acuerdan-mantener-reparto-garrafas_1790812062,desfavorable
evt-f461487b6247,Moody’s eleva la calificación de Bolivia a Caa2 y mantiene perspectiva positiva,1,1,"[""Economy""]",2026-10-01T13:14:52+00:00,55.0,55.0,"Producción, inversión y régimen cambiario",tipo de cambio,BCB,Economy,https://www.economy.com.bo/articulo/economia/moody-s-eleva-calificacion-bolivia-caa2-mantiene-perspectiva-positiva/20261001091452024241.html,favorable
evt-0e26c0558f60,Daño a exportadores de madera activa reclamos contra Chile y al Gobierno,1,1,"[""El Deber""]",2026-10-02T15:50:19+00:00,54.0,54.0,"Comercio exterior, desarrollo y empresas",exportaciones,IBCE,El Deber,https://eldeber.com.bo/economia/dano-exportadores-madera-activa-reclamos-chile-gobierno_1790938728,desfavorable
evt-c863f7061c44,EL DECRETO SUPREMO N° 5630 ESTÁ VIGENTE: ASFI SUPERVISA QUE LAS ENTIDADES FINANCIERAS CUMPLAN CON SU APLICACIÓN | ASFI,1,1,"[""ASFI""]",2026-10-02T15:49:46+00:00,54.0,54.0,"Comercio exterior, desarrollo y empresas",sistema financiero,ASFI,ASFI,https://www.asfi.gob.bo/node/1393,neutral
evt-a6b74e914abe,“El camión del gas ya no llega”: Familias hacen filas desde la madrugada para conseguir garrafas de GLP en La Paz,1,1,"[""Unitel""]",2026-10-02T15:50:35+00:00,50.0,50.0,"Precios, alimentos y servicios básicos",combustibles,YPFB,Unitel,https://unitel.bo/noticias/economia/el-camion-del-gas-ya-no-llega-familias-hacen-filas-desde-la-madrugada-para-conseguir-garrafas-de-glp-en-la-paz-EM23859195,desfavorable
evt-044ec0bd653f,Choferes del eje central denuncian distribución “irregular” de gasolina y largas horas de espera,1,1,"[""Unitel""]",2026-10-02T15:50:35+00:00,50.0,50.0,"Precios, alimentos y servicios básicos",combustibles,INE,Unitel,https://unitel.bo/noticias/economia/choferes-del-eje-central-denuncian-distribucion-irregular-de-gasolina-y-largas-horas-de-espera-AP23865014,neutral
evt-4212d055f8ae,Vuelve a descender la cotización del dólar en puertas del fin de semana,1,1,"[""Unitel""]",2026-10-02T15:50:34+00:00,50.0,50.0,"Sector productivo, automotor y actividad empresarial",tipo de cambio,BCB,Unitel,https://unitel.bo/noticias/economia/vuelve-a-descender-la-cotizacion-del-dolar-en-puertas-del-fin-de-semana-HP23865471,desfavorable
evt-b3fec2d124d6,Distribución de garrafas vuelve a los barrios de Santa Cruz tras acuerdo con Gobierno,1,1,"[""Unitel""]",2026-10-02T15:50:34+00:00,50.0,50.0,"Precios, alimentos y servicios básicos",combustibles,,Unitel,https://unitel.bo/noticias/economia/distribucion-de-garrafas-vuelve-a-los-barrios-de-santa-cruz-tras-acuerdo-con-gobierno-HP23867635,desfavorable
evt-81798777efc1,ASFI PROMUEVE UNA ESTRATEGIA FINANCIERA MÁS INCLUSIVA CON EL APORTE MULTISECTORIAL | ASFI,1,1,"[""ASFI""]",2026-10-02T15:49:44+00:00,50.0,50.0,"Comercio exterior, desarrollo y empresas",sistema financiero,BCB,ASFI,https://www.asfi.gob.bo/node/1456,neutral
evt-a0810e9ef2d7,"¿RETUVIERON FONDOS DE TU CUENTA? ASFI ACLARA QUIÉN ORDENA LA RETENCIÓN, CÓMO SE PROCESA Y QUIÉN DEBE NOTIFICARTE | ASFI",1,1,"[""ASFI""]",2026-10-02T15:49:43+00:00,50.0,50.0,"Comercio exterior, desarrollo y empresas",salarios,ASFI,ASFI,https://www.asfi.gob.bo/node/1465,neutral
evt-0295fee612bd,Cajeros automáticos para personas con discapacidad | ASFI,1,1,"[""ASFI""]",2026-10-02T15:49:41+00:00,50.0,50.0,"Comercio exterior, desarrollo y empresas",sistema financiero,ASFI,ASFI,https://www.asfi.gob.bo/la/cajeros-automaticos-para-personas-discapacidad,neutral
evt-f7990a2248dd,Seis delegaciones internacionales expanden el intercambio comercial y bilateral,1,1,"[""Economy""]",2026-10-01T19:53:40+00:00,50.0,50.0,"Producción, inversión y régimen cambiario",exportaciones,,Economy,https://www.economy.com.bo/articulo/business/seis-delegaciones-internacionales-expanden-intercambio-comercial-bilateral/20261001155340024258.html,favorable
evt-5fd6814ef3e2,Ministerio de Economía: Moody’s elevó la calificación soberana de Bolivia de Caa3 a Caa2,1,1,"[""Unitel""]",2026-10-01T16:30:16+00:00,50.0,50.0,"Producción, inversión y régimen cambiario",tipo de cambio,MEFP,Unitel,https://unitel.bo/noticias/economia/ministerio-de-economia-moody-s-elevo-la-calificacion-soberana-de-bolivia-de-caa3-a-caa2-IL23828365,favorable
evt-2fec5709c4a9,"En medio de las filas por gasolina, las distribuidoras de gas ratifican que no saldrán a las calles desde este jueves",1,1,"[""Unitel""]",2026-10-01T16:30:15+00:00,50.0,50.0,"Precios, alimentos y servicios básicos",combustibles,YPFB,Unitel,https://unitel.bo/noticias/economia/en-medio-de-las-filas-por-gasolina-las-distribuidoras-de-gas-ratifican-que-no-saldran-a-las-calles-desde-este-jueves-BK23830753,neutral
evt-91be8d0fca14,Derechos del Consumidor Financiero | ASFI,1,1,"[""ASFI""]",2026-10-01T16:29:18+00:00,50.0,50.0,"Comercio exterior, desarrollo y empresas",sistema financiero,ASFI,ASFI,https://www.asfi.gob.bo/la/derechos-del-consumidor-financiero,neutral
evt-10219dfc949d,Destacan el lanzamiento del proyecto del Hub de Viru Viru y su impacto en la integración y el desarrollo regional,1,1,"[""ABI""]",2026-10-01T16:09:39+00:00,50.0,50.0,"Producción, inversión y régimen cambiario",,,ABI,https://abi.bo/destacan-el-lanzamiento-del-proyecto-del-hub-de-viru-viru-y-su-impacto-en-la-integracion-y-el-desarrollo-regional,neutral
evt-9e27491177f9,YPFB y transportistas de GLP acuerdan reactivar la distribución,1,1,"[""La Razón""]",2026-10-01T15:50:40+00:00,50.0,50.0,"Precios, alimentos y servicios básicos",combustibles,YPFB,La Razón,https://larazon.bo/economia-y-empresa/2026/10/01/ypfb-y-transportistas-de-glp-acuerdan-reactivar-la-distribucion,desfavorable
evt-42d9fbf515da,"Ambulancia vinculada a Roger Mariaca llevaba más de Bs 3,5 millones y $us 10.000",1,1,"[""ABI""]",2026-10-01T15:21:38+00:00,50.0,50.0,"Tipo de cambio, divisas y abastecimiento de combustibles",tipo de cambio,,ABI,https://abi.bo/ambulancia-vinculada-a-roger-mariaca-llevaba-mas-de-bs-35-millones-y-us-10-000,neutral
evt-6602e1133c16,YPFB y transportistas de GLP acuerdan acciones para garantizar la distribución de combustible,1,1,"[""ABI""]",2026-09-30T23:28:26+00:00,50.0,50.0,"Precios, alimentos y servicios básicos",combustibles,YPFB,ABI,https://abi.bo/ypfb-y-transportistas-de-glp-acuerdan-acciones-para-garantizar-la-distribucion-de-combustible,favorable
evt-5a65a5af672c,Hidrocarburos pide tranquilidad y afirma que continúa subvención a la gasolina,1,1,"[""ABI""]",2026-09-30T22:39:35+00:00,50.0,50.0,"Precios, alimentos y servicios básicos",combustibles,YPFB,ABI,https://abi.bo/hidrocarburos-pide-tranquilidad-y-afirma-que-continua-subvencion-a-la-gasolina,favorable
evt-4889460c9b35,Reunión Gobierno – Choferes entra en cuarto intermedio y se enfilan mesas de trabajo,1,1,"[""Unitel""]",2026-09-30T15:59:13+00:00,50.0,50.0,"Precios, alimentos y servicios básicos",combustibles,YPFB,Unitel,https://unitel.bo/noticias/economia/reunion-gobierno-choferes-entra-en-cuarto-intermedio-y-se-enfilan-mesas-de-trabajo-PP23795138,neutral
evt-7131464986f4,"Filas por combustible: “Todos los ministros se meten y ninguno resuelve nada”, cuestiona cívico",1,1,"[""Unitel""]",2026-09-30T15:59:12+00:00,50.0,50.0,"Precios, alimentos y servicios básicos",combustibles,,Unitel,https://unitel.bo/noticias/economia/filas-por-combustible-todos-los-ministros-se-meten-y-ninguno-resuelve-nada-cuestiona-civico-FJ23804540,neutral
evt-ed7fc384c231,Diésel importado: tres empresas ofrecen combustible desde Bs 22 por litro en Santa Cruz,1,1,"[""El Deber""]",2026-09-30T15:58:19+00:00,50.0,50.0,"Tipo de cambio, divisas y abastecimiento de combustibles",combustibles,YPFB,El Deber,https://eldeber.com.bo/economia/diesel-importado-tres-empresas-ofrecen-combustible-bs-22-litro-santa-cruz_1790699344,favorable
evt-5db13f09e61d,Tres ejes marcan acuerdo del 50/50 entre Gobierno y los municipios,1,1,"[""La Razón""]",2026-09-29T23:19:52+00:00,50.0,50.0,"Producción, inversión y régimen cambiario",combustibles,Banco Mundial,La Razón,https://larazon.bo/economia-y-empresa/2026/09/29/tres-ejes-marcan-acuerdo-del-50-50-entre-gobierno-y-los-municipios,neutral
evt-1112b0cafe0b,ASFI Y BID FORTALECEN LA PROTECCIÓN DEL CONSUMIDOR CON EXPERIENCIA Y CONOCIMIENTO INTERNACIONAL | ASFI,1,1,"[""ASFI""]",2026-10-02T15:49:44+00:00,46.0,46.0,"Comercio exterior, desarrollo y empresas",sistema financiero,ASFI,ASFI,https://www.asfi.gob.bo/node/1460,neutral
evt-478068c8e630,Firmas extranjeras están interesadas en invertir en el ‘hub’ de Viru Viru,1,1,"[""Los Tiempos""]",2026-10-02T00:48:53+00:00,45.0,45.0,"Producción, inversión y régimen cambiario",tipo de cambio,CAF,Los Tiempos,https://www.lostiempos.com/actualidad/economia/20261001/firmas-extranjeras-estan-interesadas-invertir-hub-viru-viru,favorable
evt-87f81f2320a9,Cámara de Comercio de La Paz propone medidas para garantizar abastecimiento y reactivar la economía,1,1,"[""ABI""]",2026-09-30T19:14:22+00:00,45.0,45.0,"Precios, alimentos y servicios básicos",tipo de cambio,,ABI,https://abi.bo/camara-de-comercio-de-la-paz-propone-medidas-para-garantizar-abastecimiento-y-reactivar-la-economia,desfavorable
evt-82f8fa13b9ca,ASFI LLEVÓ LA SUPERVISIÓN FINANCIERA BOLIVIANA A LA MESA DE LOS REGULADORES INTERNACIONALES | ASFI,1,1,"[""ASFI""]",2026-10-01T16:29:20+00:00,42.0,42.0,"Comercio exterior, desarrollo y empresas",sistema financiero,ASFI,ASFI,https://www.asfi.gob.bo/node/1470,neutral
evt-1e9f02eff9e6,Jujuy será sede de conferencia internacional sobre el futuro del litio en la región,1,1,"[""La Razón""]",2026-10-01T15:36:12+00:00,41.0,41.0,"Producción, inversión y régimen cambiario",importaciones,Banco Mundial,La Razón,https://larazon.bo/economia-y-empresa/2026/10/01/jujuy-sera-sede-de-conferencia-internacional-sobre-el-futuro-del-litio-en-la-region,neutral
evt-424211d2f7fb,IASA inaugura su Centro de Acopio y almacenes agrícolas en San Ignacio,1,1,"[""Economy""]",2026-09-30T15:13:07+00:00,41.0,41.0,"Producción, inversión y régimen cambiario",empleo,,Economy,https://www.economy.com.bo/articulo/branding-y-rse/iasa-inaugura-centro-acopio-almacenes-agricolas-san-ignacio/20260930111307024227.html,neutral
evt-25d3ea3e7589,Abelardo Gudiño: “Invertiremos $us 382 millones en Bolivia hasta 2030”,1,1,"[""El Deber""]",2026-09-30T15:58:19+00:00,34.0,34.0,"Comercio exterior, desarrollo y empresas",tipo de cambio,,El Deber,https://eldeber.com.bo/economia/abelardo-gudino-invertiremos-us-382-millones-bolivia-2030_1790696433,favorable
evt-41e5b3c23a88,BancoSol fortalece su estructura accionaria con la incorporación de un grupo inversor boliviano,1,1,"[""Economy""]",2026-09-30T15:58:04+00:00,34.0,34.0,"Producción, inversión y régimen cambiario",producto interno bruto,,Economy,https://www.economy.com.bo/articulo/banca-finanzas/bancosol-fortalece-estructura-accionaria-incorporacion-grupo-inversor-boliviano/20260930115804024231.html,favorable
