date,generated_at,documents,pulsobo_index,pulsobo_level,optimism_index,optimism_level,stress_average,favorable_percentage,neutral_percentage,unfavorable_percentage,top_topic,top_entity,top_indicator,historical_documents,operational_window_hours,top_topic_score,top_topic_momentum,top_entity_score,top_entity_momentum,top_indicator_score,top_indicator_momentum
2026-07-11,2026-07-11T10:38:03.472437+00:00,209,39.86,bajo,59.36,moderado,57.42,26.32,58.37,15.31,"Sector productivo, automotor y actividad empresarial",BCB,tipo de cambio,,,,,,,,
2026-07-12,2026-07-12T10:46:47.164286+00:00,215,39.58,bajo,58.75,moderado,57.3,26.05,59.07,14.88,"Comercio exterior, desarrollo y empresas",BCB,tipo de cambio,,,,,,,,
2026-07-13,2026-07-13T12:21:54.811761+00:00,218,39.39,bajo,59.69,moderado,57.13,26.15,59.17,14.68,"Sector productivo, automotor y actividad empresarial",BCB,tipo de cambio,,,,,,,,
2026-07-14,2026-07-14T11:01:17.956477+00:00,232,39.21,bajo,59.53,moderado,56.96,25.43,59.91,14.66,"Precios, alimentos y servicios básicos",BCB,tipo de cambio,,,,,,,,
2026-07-15,2026-07-15T11:06:51.864337+00:00,249,39.39,bajo,58.59,moderado,56.86,24.9,59.84,15.26,"Tipo de cambio, divisas y abastecimiento de combustibles",BCB,tipo de cambio,,,,,,,,
2026-07-16,2026-07-16T11:15:39.675151+00:00,265,39.0,bajo,57.63,moderado,56.49,24.15,60.75,15.09,"Sector productivo, automotor y actividad empresarial",BCB,tipo de cambio,,,,,,,,
2026-07-17,2026-07-17T11:03:10.462600+00:00,49,38.87,bajo,44.41,bajo,53.16,20.41,63.27,16.33,"Comercio exterior, desarrollo y empresas",SIN,tipo de cambio,272.0,72.0,56.3,emergente,55.95,emergente,63.87,emergente
2026-07-18,2026-07-18T10:45:42.460208+00:00,52,38.61,bajo,43.41,bajo,52.12,21.15,65.38,13.46,"Tipo de cambio, divisas y abastecimiento de combustibles",Banco Mundial,tipo de cambio,288.0,72.0,64.12,emergente,53.84,emergente,60.3,emergente
2026-07-19,2026-07-19T10:48:13.339231+00:00,45,38.41,bajo,45.82,moderado,53.29,24.44,62.22,13.33,"Producción, inversión y régimen cambiario",ASFI,exportaciones,297.0,72.0,55.41,estable,54.04,emergente,51.03,emergente
2026-07-20,2026-07-20T12:01:17.085992+00:00,35,38.37,bajo,45.47,moderado,52.17,22.86,65.71,11.43,"Política fiscal, gestión pública y sistema financiero",IBCE,combustibles,298.0,72.0,45.99,estable,48.93,emergente,48.99,en descenso
2026-07-21,2026-07-21T11:23:10.581598+00:00,32,38.89,bajo,41.52,bajo,56.72,28.12,53.12,18.75,"Precios, alimentos y servicios básicos",YPFB,combustibles,307.0,72.0,53.88,emergente,55.89,emergente,55.45,emergente
2026-07-22,2026-07-22T11:24:31.734608+00:00,35,39.54,bajo,29.7,bajo,62.49,20.0,51.43,28.57,"Política fiscal, gestión pública y sistema financiero",YPFB,combustibles,320.0,72.0,69.41,emergente,63.68,emergente,60.56,emergente
2026-07-23,2026-07-23T11:23:28.113368+00:00,53,39.05,bajo,37.83,bajo,58.45,20.75,58.49,20.75,"Producción, inversión y régimen cambiario",BCB,sistema financiero,338.0,72.0,58.45,emergente,67.94,emergente,71.48,emergente
2026-07-24,2026-07-24T11:16:43.548710+00:00,56,38.92,bajo,38.95,bajo,57.86,21.43,60.71,17.86,"Sector productivo, automotor y actividad empresarial",BCB,sistema financiero,347.0,72.0,65.93,emergente,65.83,emergente,72.94,emergente
2026-07-25,2026-07-25T10:49:11.505833+00:00,58,38.64,bajo,44.71,bajo,54.43,22.41,67.24,10.34,"Sector productivo, automotor y actividad empresarial",BCB,sistema financiero,360.0,72.0,60.74,emergente,64.67,emergente,70.45,emergente
2026-07-26,2026-07-26T10:59:42.243660+00:00,40,38.69,bajo,44.77,bajo,53.2,25.0,67.5,7.5,"Política fiscal, gestión pública y sistema financiero",ASFI,sistema financiero,362.0,72.0,51.97,emergente,48.95,emergente,62.96,emergente
2026-07-27,2026-07-27T12:42:11.821468+00:00,29,38.64,bajo,46.07,moderado,52.38,27.59,65.52,6.9,"Comercio exterior, desarrollo y empresas",ASFI,sistema financiero,368.0,72.0,57.32,emergente,52.55,emergente,59.53,estable
2026-07-28,2026-07-28T11:33:26.237878+00:00,28,38.83,bajo,39.04,bajo,56.14,28.57,57.14,14.29,"Producción, inversión y régimen cambiario",BCB,sistema financiero,378.0,72.0,52.72,estable,56.05,estable,62.51,estable
2026-07-29,2026-07-29T11:39:19.321806+00:00,41,38.71,bajo,35.48,bajo,55.51,24.39,60.98,14.63,"Sector productivo, automotor y actividad empresarial",BCB,sistema financiero,392.0,72.0,59.96,emergente,62.4,emergente,65.11,emergente
2026-07-30,2026-07-30T11:27:38.382132+00:00,56,39.39,bajo,57.67,moderado,53.98,39.29,46.43,14.29,"Sector productivo, automotor y actividad empresarial",BCB,tipo de cambio,430.0,72.0,61.16,emergente,55.83,emergente,60.61,emergente
2026-07-31,2026-07-31T11:42:27.581870+00:00,55,39.17,bajo,63.87,moderado,52.11,43.64,49.09,7.27,"Política fiscal, gestión pública y sistema financiero",FMI,tipo de cambio,445.0,72.0,53.76,emergente,58.04,emergente,65.42,emergente
2026-08-01,2026-08-01T10:54:03.754245+00:00,69,39.56,bajo,58.23,moderado,54.2,37.68,49.28,13.04,"Comercio exterior, desarrollo y empresas",BCB,tipo de cambio,463.0,72.0,62.69,emergente,64.64,emergente,68.48,emergente
2026-08-02,2026-08-02T10:56:36.156923+00:00,57,39.36,bajo,54.4,moderado,53.21,35.09,52.63,12.28,"Comercio exterior, desarrollo y empresas",BCB,tipo de cambio,469.0,72.0,59.84,emergente,67.08,emergente,68.23,emergente
2026-08-03,2026-08-03T12:41:49.363714+00:00,37,39.25,bajo,52.88,moderado,52.3,24.32,54.05,21.62,"Producción, inversión y régimen cambiario",INE,tipo de cambio,477.0,72.0,62.81,emergente,56.95,emergente,61.61,estable
2026-08-04,2026-08-04T11:39:31.440897+00:00,37,39.35,bajo,54.62,moderado,52.86,27.03,56.76,16.22,"Producción, inversión y régimen cambiario",INE,tipo de cambio,488.0,72.0,50.66,emergente,61.58,emergente,60.27,estable
2026-08-05,2026-08-05T11:35:29.644312+00:00,49,39.38,bajo,53.28,moderado,51.55,24.49,57.14,18.37,"Precios, alimentos y servicios básicos",INE,tipo de cambio,504.0,72.0,55.74,emergente,56.95,emergente,59.7,estable
2026-08-06,2026-08-06T11:40:20.528825+00:00,61,39.54,bajo,52.45,moderado,54.03,18.03,60.66,21.31,"Producción, inversión y régimen cambiario",BCB,sistema financiero,519.0,72.0,54.01,emergente,56.09,emergente,63.94,emergente
2026-08-07,2026-08-07T10:16:21.944433+00:00,50,39.54,bajo,56.38,moderado,53.28,20.0,54.0,26.0,"Comercio exterior, desarrollo y empresas",IBCE,sistema financiero,521.0,72.0,64.47,emergente,51.92,emergente,64.47,emergente
2026-08-08,2026-08-08T09:59:25.151484+00:00,34,39.64,bajo,46.65,moderado,55.79,11.76,64.71,23.53,"Comercio exterior, desarrollo y empresas",ASFI,sistema financiero,522.0,72.0,49.03,estable,57.81,emergente,68.16,emergente
2026-08-09,2026-08-09T10:01:38.236139+00:00,22,39.7,bajo,31.17,bajo,55.86,18.18,59.09,22.73,"Comercio exterior, desarrollo y empresas",ASFI,sistema financiero,525.0,72.0,48.17,estable,56.31,emergente,50.51,estable
2026-08-10,2026-08-10T10:43:25.892977+00:00,23,39.7,bajo,26.29,bajo,56.0,17.39,60.87,21.74,"Comercio exterior, desarrollo y empresas",ASFI,sistema financiero,530.0,72.0,55.17,emergente,55.92,emergente,50.93,estable
2026-08-11,2026-08-11T10:16:15.735546+00:00,31,39.76,bajo,33.68,bajo,57.06,19.35,58.06,22.58,"Comercio exterior, desarrollo y empresas",BCB,tipo de cambio,542.0,72.0,49.9,emergente,62.25,emergente,65.03,emergente
2026-08-12,2026-08-12T10:26:32.476139+00:00,46,40.12,moderado,37.43,bajo,58.57,21.74,47.83,30.43,"Producción, inversión y régimen cambiario",BCB,tipo de cambio,559.0,72.0,62.45,emergente,66.59,emergente,71.71,emergente
2026-08-13,2026-08-13T10:28:03.917599+00:00,55,40.16,moderado,36.59,bajo,57.44,18.18,49.09,32.73,"Sector productivo, automotor y actividad empresarial",BCB,tipo de cambio,571.0,72.0,57.5,emergente,63.52,emergente,69.89,emergente
2026-08-14,2026-08-14T10:24:35.236637+00:00,50,40.61,moderado,35.82,bajo,57.22,18.0,44.0,38.0,"Política fiscal, gestión pública y sistema financiero",BCB,tipo de cambio,584.0,72.0,58.73,emergente,54.59,emergente,67.72,emergente
2026-08-15,2026-08-15T09:45:29.919439+00:00,51,41.07,moderado,28.8,bajo,59.69,13.73,45.1,41.18,"Política fiscal, gestión pública y sistema financiero",BCB,tipo de cambio,594.0,72.0,54.66,emergente,54.17,estable,71.39,emergente
2026-08-16,2026-08-16T09:46:35.966471+00:00,43,41.19,moderado,26.9,bajo,60.81,16.28,39.53,44.19,"Comercio exterior, desarrollo y empresas",ASFI,combustibles,598.0,72.0,55.7,emergente,48.41,emergente,65.01,emergente
2026-08-17,2026-08-17T10:03:05.026559+00:00,41,41.46,moderado,25.93,bajo,64.41,12.2,39.02,48.78,"Sector productivo, automotor y actividad empresarial",YPFB,combustibles,606.0,72.0,48.12,emergente,51.65,emergente,61.41,estable
2026-08-18,2026-08-18T09:54:43.273751+00:00,46,41.37,moderado,34.47,bajo,59.74,21.74,52.17,26.09,"Producción, inversión y régimen cambiario",YPFB,combustibles,625.0,72.0,61.38,estable,55.81,emergente,64.44,estable
2026-08-19,2026-08-19T09:55:01.723790+00:00,54,41.27,moderado,39.5,bajo,56.39,22.22,57.41,20.37,"Comercio exterior, desarrollo y empresas",YPFB,combustibles,639.0,72.0,65.76,emergente,58.98,emergente,65.15,estable
2026-08-20,2026-08-20T09:57:23.712148+00:00,68,41.45,moderado,37.77,bajo,57.21,20.59,55.88,23.53,"Comercio exterior, desarrollo y empresas",YPFB,combustibles,655.0,72.0,61.87,emergente,55.82,emergente,66.9,emergente
2026-08-21,2026-08-21T09:58:00.731029+00:00,61,41.81,moderado,46.5,moderado,57.48,16.39,54.1,29.51,"Producción, inversión y régimen cambiario",BCB,combustibles,676.0,72.0,56.83,emergente,56.26,emergente,61.6,estable
2026-08-22,2026-08-22T09:47:42.808972+00:00,64,41.84,moderado,46.33,moderado,57.75,15.62,51.56,32.81,"Producción, inversión y régimen cambiario",BCB,sistema financiero,684.0,72.0,60.66,emergente,58.14,emergente,61.69,emergente
2026-08-23,2026-08-23T09:48:14.012614+00:00,51,41.82,moderado,43.98,bajo,58.8,13.73,52.94,33.33,"Precios, alimentos y servicios básicos",MEFP,sistema financiero,688.0,72.0,67.5,estable,56.37,emergente,59.52,emergente
2026-08-24,2026-08-24T10:08:28.041920+00:00,31,41.87,moderado,32.22,bajo,55.74,9.68,64.52,25.81,"Precios, alimentos y servicios básicos",ASFI,sistema financiero,695.0,72.0,53.63,estable,49.23,emergente,56.6,estable
2026-08-25,2026-08-25T09:57:27.206146+00:00,40,41.98,moderado,28.26,bajo,58.52,7.5,67.5,25.0,"Tipo de cambio, divisas y abastecimiento de combustibles",ASFI,tipo de cambio,710.0,72.0,63.49,emergente,49.88,emergente,57.84,estable
